10-digit PSGC,2020 Population,population,name,city_code,code,region_code,province_code
102801000.0,2189,2189,Adams,10,10,10,102
102802000.0,33496,33496,Bacarra,10,10,10,102
102803000.0,32530,32530,Badoc,10,10,10,102
102804000.0,15019,15019,Bangui,10,10,10,102
102806000.0,10759,10759,Burgos,10,10,10,102
102807000.0,1607,1607,Carasi,10,10,10,102
102808000.0,12215,12215,Currimao,10,10,10,102
102809000.0,40127,40127,Dingras,10,10,10,102
102810000.0,3087,3087,Dumalneg,10,10,10,102
102811000.0,19297,19297,Banna,10,10,10,102
102813000.0,18010,18010,Marcos,10,10,10,102
102814000.0,11968,11968,Nueva Era,10,10,10,102
102815000.0,25098,25098,Pagudpud,10,10,10,102
102816000.0,25001,25001,Paoay,10,10,10,102
102817000.0,29678,29678,Pasuquin,10,10,10,102
102818000.0,22475,22475,Piddig,10,10,10,102
102819000.0,17626,17626,Pinili,10,10,10,102
102820000.0,38895,38895,San Nicolas,10,10,10,102
102821000.0,25186,25186,Sarrat,10,10,10,102
102822000.0,24851,24851,Solsona,10,10,10,102
102823000.0,33339,33339,Vintar,10,10,10,102
102901000.0,7361,7361,Alilem,10,10,10,102
102902000.0,7931,7931,Banayoyo,10,10,10,102
102903000.0,37118,37118,Bantay,10,10,10,102
102904000.0,12793,12793,Burgos,10,10,10,102
102905000.0,38884,38884,Cabugao,10,10,10,102
102907000.0,19574,19574,Caoayan,10,10,10,102
102908000.0,19449,19449,Cervantes,10,10,10,102
102909000.0,10244,10244,Galimuyod,10,10,10,102
102910000.0,4472,4472,Gregorio del Pilar,10,10,10,102
102911000.0,4705,4705,Lidlidda,10,10,10,102
102912000.0,31308,31308,Magsingal,10,10,10,102
102913000.0,5465,5465,Nagbukel,10,10,10,102
102914000.0,46234,46234,Narvacan,10,10,10,102
102915000.0,9306,9306,Quirino,10,10,10,102
102916000.0,11110,11110,Salcedo,10,10,10,102
102917000.0,7206,7206,San Emilio,10,10,10,102
102918000.0,8381,8381,San Esteban,10,10,10,102
102919000.0,8190,8190,San Ildefonso,10,10,10,102
102920000.0,26674,26674,San Juan,10,10,10,102
102921000.0,13118,13118,San Vicente,10,10,10,102
102922000.0,14992,14992,Santa,10,10,10,102
102923000.0,14493,14493,Santa Catalina,10,10,10,102
102924000.0,41366,41366,Santa Cruz,10,10,10,102
102925000.0,25966,25966,Santa Lucia,10,10,10,102
102926000.0,30006,30006,Santa Maria,10,10,10,102
102927000.0,19471,19471,Santiago,10,10,10,102
102928000.0,29041,29041,Santo Domingo,10,10,10,102
102929000.0,2552,2552,Sigay,10,10,10,102
102930000.0,25998,25998,Sinait,10,10,10,102
102931000.0,4930,4930,Sugpon,10,10,10,102
102932000.0,10766,10766,Suyo,10,10,10,102
102933000.0,41538,41538,Tagudin,10,10,10,102
103301000.0,66028,66028,Agoo,10,10,10,103
103302000.0,50380,50380,Aringay,10,10,10,103
103303000.0,44388,44388,Bacnotan,10,10,10,103
103304000.0,14428,14428,Bagulin,10,10,10,103
103305000.0,40339,40339,Balaoan,10,10,10,103
103306000.0,38041,38041,Bangar,10,10,10,103
103307000.0,78449,78449,Bauang,10,10,10,103
103308000.0,9006,9006,Burgos,10,10,10,103
103309000.0,23119,23119,Caba,10,10,10,103
103310000.0,37318,37318,Luna,10,10,10,103
103311000.0,52189,52189,Naguilian,10,10,10,103
103312000.0,19337,19337,Pugo,10,10,10,103
103313000.0,60278,60278,Rosario,10,10,10,103
103315000.0,18943,18943,San Gabriel,10,10,10,103
103316000.0,40507,40507,San Juan,10,10,10,103
103317000.0,40846,40846,Santo Tomas,10,10,10,103
103318000.0,14166,14166,Santol,10,10,10,103
103319000.0,17187,17187,Sudipen,10,10,10,103
103320000.0,31763,31763,Tubao,10,10,10,103
105501000.0,29947,29947,Agno,10,10,10,105
105502000.0,45100,45100,Aguilar,10,10,10,105
105504000.0,48908,48908,Alcala,10,10,10,105
105505000.0,41548,41548,Anda,10,10,10,105
105506000.0,57811,57811,Asingan,10,10,10,105
105507000.0,30004,30004,Balungao,10,10,10,105
105508000.0,52603,52603,Bani,10,10,10,105
105509000.0,37679,37679,Basista,10,10,10,105
105510000.0,35398,35398,Bautista,10,10,10,105
105511000.0,129011,129011,Bayambang,10,10,10,105
105512000.0,56382,56382,Binalonan,10,10,10,105
105513000.0,86881,86881,Binmaley,10,10,10,105
105514000.0,83979,83979,Bolinao,10,10,10,105
105515000.0,74962,74962,Bugallon,10,10,10,105
105516000.0,23749,23749,Burgos,10,10,10,105
105517000.0,100471,100471,Calasiao,10,10,10,105
105519000.0,31355,31355,Dasol,10,10,10,105
105520000.0,26242,26242,Infanta,10,10,10,105
105521000.0,26811,26811,Labrador,10,10,10,105
105522000.0,107728,107728,Lingayen ,10,10,10,105
105523000.0,26454,26454,Mabini,10,10,10,105
105524000.0,143094,143094,Malasiqui,10,10,10,105
105525000.0,76045,76045,Manaoag,10,10,10,105
105526000.0,113185,113185,Mangaldan,10,10,10,105
105527000.0,79323,79323,Mangatarem,10,10,10,105
105528000.0,38058,38058,Mapandan,10,10,10,105
105529000.0,25771,25771,Natividad,10,10,10,105
105530000.0,74729,74729,Pozorrubio,10,10,10,105
105531000.0,66711,66711,Rosales,10,10,10,105
105533000.0,87428,87428,San Fabian,10,10,10,105
105534000.0,44351,44351,San Jacinto,10,10,10,105
105535000.0,54271,54271,San Manuel,10,10,10,105
105536000.0,39778,39778,San Nicolas,10,10,10,105
105537000.0,33980,33980,San Quintin,10,10,10,105
105538000.0,92187,92187,Santa Barbara,10,10,10,105
105539000.0,34220,34220,Santa Maria,10,10,10,105
105540000.0,14878,14878,Santo Tomas,10,10,10,105
105541000.0,52320,52320,Sison,10,10,10,105
105542000.0,39091,39091,Sual,10,10,10,105
105543000.0,45241,45241,Tayug,10,10,10,105
105544000.0,77074,77074,Umingan,10,10,10,105
105545000.0,55557,55557,Urbiztondo,10,10,10,105
105547000.0,65047,65047,Villasis,10,10,10,105
105548000.0,34128,34128,Laoac,10,10,10,105
200901000.0,9517,9517,Basco ,20,20,20,200
200902000.0,3128,3128,Itbayat,20,20,20,200
200903000.0,1407,1407,Ivana,20,20,20,200
200904000.0,1703,1703,Mahatao,20,20,20,200
200905000.0,1696,1696,Sabtang,20,20,20,200
200906000.0,1380,1380,Uyugan,20,20,20,200
201501000.0,34579,34579,Abulug,20,20,20,201
201502000.0,41295,41295,Alcala,20,20,20,201
201503000.0,35234,35234,Allacapan,20,20,20,201
201504000.0,50336,50336,Amulung,20,20,20,201
201505000.0,68839,68839,Aparri,20,20,20,201
201506000.0,87753,87753,Baggao,20,20,20,201
201507000.0,34488,34488,Ballesteros,20,20,20,201
201508000.0,32148,32148,Buguey,20,20,20,201
201509000.0,17410,17410,Calayan,20,20,20,201
201510000.0,25236,25236,Camalaniugan,20,20,20,201
201511000.0,31900,31900,Claveria,20,20,20,201
201512000.0,36705,36705,Enrile,20,20,20,201
201513000.0,58874,58874,Gattaran,20,20,20,201
201514000.0,41680,41680,Gonzaga,20,20,20,201
201515000.0,30060,30060,Iguig,20,20,20,201
201516000.0,48733,48733,Lal-Lo,20,20,20,201
201517000.0,41225,41225,Lasam,20,20,20,201
201518000.0,24781,24781,Pamplona,20,20,20,201
201519000.0,50300,50300,Peñablanca,20,20,20,201
201520000.0,24805,24805,Piat,20,20,20,201
201521000.0,19077,19077,Rizal,20,20,20,201
201522000.0,26164,26164,Sanchez-Mira,20,20,20,201
201523000.0,35688,35688,Santa Ana,20,20,20,201
201524000.0,4434,4434,Santa Praxedes,20,20,20,201
201525000.0,19573,19573,Santa Teresita,20,20,20,201
201526000.0,28537,28537,Santo Niño,20,20,20,201
201527000.0,88445,88445,Solana,20,20,20,201
201528000.0,63970,63970,Tuao,20,20,20,201
203101000.0,73874,73874,Alicia,20,20,20,203
203102000.0,44977,44977,Angadanan,20,20,20,203
203103000.0,36621,36621,Aurora,20,20,20,203
203104000.0,29752,29752,Benito Soliven,20,20,20,203
203105000.0,26040,26040,Burgos,20,20,20,203
203106000.0,53897,53897,Cabagan,20,20,20,203
203107000.0,39990,39990,Cabatuan,20,20,20,203
203109000.0,46477,46477,Cordon,20,20,20,203
203110000.0,5821,5821,Dinapigue,20,20,20,203
203111000.0,5827,5827,Divilacan,20,20,20,203
203112000.0,88410,88410,Echague,20,20,20,203
203113000.0,30655,30655,Gamu,20,20,20,203
203115000.0,45628,45628,Jones,20,20,20,203
203116000.0,20697,20697,Luna,20,20,20,203
203117000.0,3977,3977,Maconacon,20,20,20,203
203118000.0,29928,29928,Delfin Albano,20,20,20,203
203119000.0,32208,32208,Mallig,20,20,20,203
203120000.0,33788,33788,Naguilian,20,20,20,203
203121000.0,17684,17684,Palanan,20,20,20,203
203122000.0,27037,27037,Quezon,20,20,20,203
203123000.0,25023,25023,Quirino,20,20,20,203
203124000.0,56523,56523,Ramon,20,20,20,203
203125000.0,27900,27900,Reina Mercedes,20,20,20,203
203126000.0,65839,65839,Roxas,20,20,20,203
203127000.0,22096,22096,San Agustin,20,20,20,203
203128000.0,20915,20915,San Guillermo,20,20,20,203
203129000.0,27044,27044,San Isidro,20,20,20,203
203130000.0,34085,34085,San Manuel,20,20,20,203
203131000.0,60124,60124,San Mariano,20,20,20,203
203132000.0,66663,66663,San Mateo,20,20,20,203
203133000.0,26320,26320,San Pablo,20,20,20,203
203134000.0,25758,25758,Santa Maria,20,20,20,203
203136000.0,24528,24528,Santo Tomas,20,20,20,203
203137000.0,70743,70743,Tumauini,20,20,20,203
205001000.0,15472,15472,Ambaguio,20,20,20,205
205002000.0,42197,42197,Aritao,20,20,20,205
205003000.0,37985,37985,Bagabag,20,20,20,205
205004000.0,55789,55789,Bambang,20,20,20,205
205005000.0,67714,67714,Bayombong ,20,20,20,205
205006000.0,19236,19236,Diadi,20,20,20,205
205007000.0,33295,33295,Dupax del Norte,20,20,20,205
205008000.0,21224,21224,Dupax del Sur,20,20,20,205
205009000.0,41776,41776,Kasibu,20,20,20,205
205010000.0,26469,26469,Kayapa,20,20,20,205
205011000.0,24055,24055,Quezon,20,20,20,205
205012000.0,18276,18276,Santa Fe,20,20,20,205
205013000.0,65287,65287,Solano,20,20,20,205
205014000.0,20118,20118,Villaverde,20,20,20,205
205015000.0,8539,8539,Alfonso Castaneda,20,20,20,205
205701000.0,30714,30714,Aglipay,20,20,20,205
205702000.0,33533,33533,Cabarroguis ,20,20,20,205
205703000.0,56102,56102,Diffun,20,20,20,205
205704000.0,40943,40943,Maddela,20,20,20,205
205705000.0,17137,17137,Saguday,20,20,20,205
205706000.0,25399,25399,Nagtipunan,20,20,20,205
300801000.0,42984,42984,Abucay,30,30,30,300
300802000.0,31365,31365,Bagac,30,30,30,300
300804000.0,118209,118209,Dinalupihan,30,30,30,300
300805000.0,77443,77443,Hermosa,30,30,30,300
300806000.0,78272,78272,Limay,30,30,30,300
300807000.0,149879,149879,Mariveles,30,30,30,300
300808000.0,35394,35394,Morong,30,30,30,300
300809000.0,70342,70342,Orani,30,30,30,300
300810000.0,60771,60771,Orion,30,30,30,300
300811000.0,46239,46239,Pilar,30,30,30,300
300812000.0,38302,38302,Samal,30,30,30,300
301401000.0,65617,65617,Angat,30,30,30,301
301402000.0,77018,77018,Balagtas,30,30,30,301
301404000.0,141412,141412,Bocaue,30,30,30,301
301405000.0,81232,81232,Bulacan,30,30,30,301
301406000.0,77199,77199,Bustos,30,30,30,301
301407000.0,118471,118471,Calumpit,30,30,30,301
301408000.0,113415,113415,Guiguinto,30,30,30,301
301409000.0,133448,133448,Hagonoy,30,30,30,301
301411000.0,254453,254453,Marilao,30,30,30,301
301413000.0,136064,136064,Norzagaray,30,30,30,301
301414000.0,59978,59978,Obando,30,30,30,301
301415000.0,155115,155115,Pandi,30,30,30,301
301416000.0,55696,55696,Paombong,30,30,30,301
301417000.0,114432,114432,Plaridel,30,30,30,301
301418000.0,108836,108836,Pulilan,30,30,30,301
301419000.0,115713,115713,San Ildefonso,30,30,30,301
301421000.0,172073,172073,San Miguel,30,30,30,301
301422000.0,103097,103097,San Rafael,30,30,30,301
301423000.0,289820,289820,Santa Maria,30,30,30,301
301424000.0,28656,28656,Doña Remedios Trinidad,30,30,30,301
304901000.0,70363,70363,Aliaga,30,30,30,304
304902000.0,66839,66839,Bongabon,30,30,30,304
304904000.0,85862,85862,Cabiao,30,30,30,304
304905000.0,42420,42420,Carranglan,30,30,30,304
304906000.0,68066,68066,Cuyapo,30,30,30,304
304907000.0,38958,38958,Gabaldon,30,30,30,304
304909000.0,44311,44311,General Mamerto Natividad,30,30,30,304
304910000.0,55925,55925,General Tinio,30,30,30,304
304911000.0,127653,127653,Guimba,30,30,30,304
304912000.0,79189,79189,Jaen,30,30,30,304
304913000.0,38263,38263,Laur,30,30,30,304
304914000.0,29269,29269,Licab,30,30,30,304
304915000.0,42281,42281,Llanera,30,30,30,304
304916000.0,45917,45917,Lupao,30,30,30,304
304918000.0,14471,14471,Nampicuan,30,30,30,304
304920000.0,31763,31763,Pantabangan,30,30,30,304
304921000.0,32269,32269,Peñaranda,30,30,30,304
304922000.0,41845,41845,Quezon,30,30,30,304
304923000.0,70196,70196,Rizal,30,30,30,304
304924000.0,83060,83060,San Antonio,30,30,30,304
304925000.0,54372,54372,San Isidro,30,30,30,304
304927000.0,68536,68536,San Leonardo,30,30,30,304
304928000.0,75649,75649,Santa Rosa,30,30,30,304
304929000.0,61092,61092,Santo Domingo,30,30,30,304
304930000.0,132338,132338,Talavera,30,30,30,304
304931000.0,25236,25236,Talugtug,30,30,30,304
304932000.0,53090,53090,Zaragoza,30,30,30,304
305402000.0,117160,117160,Apalit,30,30,30,305
305403000.0,144875,144875,Arayat,30,30,30,305
305404000.0,48066,48066,Bacolor,30,30,30,305
305405000.0,119497,119497,Candaba,30,30,30,305
305406000.0,135542,135542,Floridablanca,30,30,30,305
305407000.0,128893,128893,Guagua,30,30,30,305
305408000.0,173502,173502,Lubao,30,30,30,305
305410000.0,78151,78151,Macabebe,30,30,30,305
305411000.0,124188,124188,Magalang,30,30,30,305
305412000.0,57990,57990,Masantol,30,30,30,305
305413000.0,173403,173403,Mexico,30,30,30,305
305414000.0,48380,48380,Minalin,30,30,30,305
305415000.0,140751,140751,Porac,30,30,30,305
305417000.0,58551,58551,San Luis,30,30,30,305
305418000.0,59182,59182,San Simon,30,30,30,305
305419000.0,61537,61537,Santa Ana,30,30,30,305
305420000.0,48209,48209,Santa Rita,30,30,30,305
305421000.0,42846,42846,Sto. Tomas,30,30,30,305
305422000.0,29076,29076,Sasmuan,30,30,30,305
306901000.0,12208,12208,Anao,30,30,30,306
306902000.0,78260,78260,Bamban,30,30,30,306
306903000.0,87319,87319,Camiling,30,30,30,306
306904000.0,156056,156056,Capas,30,30,30,306
306905000.0,169953,169953,Concepcion,30,30,30,306
306906000.0,94485,94485,Gerona,30,30,30,306
306907000.0,68952,68952,La Paz,30,30,30,306
306908000.0,32597,32597,Mayantoc,30,30,30,306
306909000.0,62819,62819,Moncada,30,30,30,306
306910000.0,103003,103003,Paniqui,30,30,30,306
306911000.0,25781,25781,Pura,30,30,30,306
306912000.0,22879,22879,Ramos,30,30,30,306
306913000.0,13181,13181,San Clemente,30,30,30,306
306914000.0,28387,28387,San Manuel,30,30,30,306
306915000.0,51626,51626,Santa Ignacia,30,30,30,306
306917000.0,69370,69370,Victoria,30,30,30,306
306918000.0,41182,41182,San Jose,30,30,30,306
307101000.0,66739,66739,Botolan,30,30,30,307
307102000.0,28118,28118,Cabangan,30,30,30,307
307103000.0,30263,30263,Candelaria,30,30,30,307
307104000.0,67889,67889,Castillejos,30,30,30,307
307105000.0,55581,55581,Iba ,30,30,30,307
307106000.0,54529,54529,Masinloc,30,30,30,307
307108000.0,39784,39784,Palauig,30,30,30,307
307109000.0,37450,37450,San Antonio,30,30,30,307
307110000.0,25033,25033,San Felipe,30,30,30,307
307111000.0,37719,37719,San Marcelino,30,30,30,307
307112000.0,30759,30759,San Narciso,30,30,30,307
307113000.0,63839,63839,Santa Cruz,30,30,30,307
307114000.0,111912,111912,Subic,30,30,30,307
307701000.0,43785,43785,Baler ,30,30,30,307
307702000.0,26564,26564,Casiguran,30,30,30,307
307703000.0,17102,17102,Dilasag,30,30,30,307
307704000.0,12508,12508,Dinalungan,30,30,30,307
307705000.0,27878,27878,Dingalan,30,30,30,307
307706000.0,33131,33131,Dipaculao,30,30,30,307
307707000.0,44958,44958,Maria Aurora,30,30,30,307
307708000.0,29824,29824,San Luis,30,30,30,307
401001000.0,39101,39101,Agoncillo,40,40,40,401
401002000.0,26819,26819,Alitagtag,40,40,40,401
401003000.0,95913,95913,Balayan,40,40,40,401
401004000.0,24055,24055,Balete,40,40,40,401
401006000.0,90819,90819,Bauan,40,40,40,401
401008000.0,58719,58719,Calatagan,40,40,40,401
401009000.0,36235,36235,Cuenca,40,40,40,401
401010000.0,58507,58507,Ibaan,40,40,40,401
401011000.0,43210,43210,Laurel,40,40,40,401
401012000.0,93186,93186,Lemery,40,40,40,401
401013000.0,56280,56280,Lian,40,40,40,401
401015000.0,40736,40736,Lobo,40,40,40,401
401016000.0,50858,50858,Mabini,40,40,40,401
401017000.0,64379,64379,Malvar,40,40,40,401
401018000.0,30621,30621,Mataasnakahoy,40,40,40,401
401019000.0,136524,136524,Nasugbu,40,40,40,401
401020000.0,51853,51853,Padre Garcia,40,40,40,401
401021000.0,128352,128352,Rosario,40,40,40,401
401022000.0,79868,79868,San Jose,40,40,40,401
401023000.0,114068,114068,San Juan,40,40,40,401
401024000.0,36172,36172,San Luis,40,40,40,401
401025000.0,23908,23908,San Nicolas,40,40,40,401
401026000.0,69009,69009,San Pascual,40,40,40,401
401027000.0,21559,21559,Santa Teresita,40,40,40,401
401029000.0,61460,61460,Taal,40,40,40,401
401030000.0,46238,46238,Talisay,40,40,40,401
401032000.0,40146,40146,Taysan,40,40,40,401
401033000.0,19215,19215,Tingloy,40,40,40,401
401034000.0,46519,46519,Tuy,40,40,40,401
402101000.0,59306,59306,Alfonso,40,40,40,402
402102000.0,41901,41901,Amadeo,40,40,40,402
402104000.0,106256,106256,Carmona,40,40,40,402
402107000.0,23973,23973,General Emilio Aguinaldo,40,40,40,402
402110000.0,68699,68699,Indang,40,40,40,402
402111000.0,107535,107535,Kawit,40,40,40,402
402112000.0,23851,23851,Magallanes,40,40,40,402
402113000.0,40687,40687,Maragondon,40,40,40,402
402114000.0,34879,34879,Mendez,40,40,40,402
402115000.0,160987,160987,Naic,40,40,40,402
402116000.0,49452,49452,Noveleta,40,40,40,402
402117000.0,110807,110807,Rosario,40,40,40,402
402118000.0,295644,295644,Silang,40,40,40,402
402120000.0,312116,312116,Tanza,40,40,40,402
402121000.0,24653,24653,Ternate,40,40,40,402
402123000.0,172433,172433,Gen. Mariano Alvarez,40,40,40,402
403401000.0,51619,51619,Alaminos,40,40,40,403
403402000.0,67182,67182,Bay,40,40,40,403
403406000.0,87693,87693,Calauan,40,40,40,403
403407000.0,23980,23980,Cavinti,40,40,40,403
403408000.0,16791,16791,Famy,40,40,40,403
403409000.0,24755,24755,Kalayaan,40,40,40,403
403410000.0,39491,39491,Liliw,40,40,40,403
403411000.0,115353,115353,Los Baños,40,40,40,403
403412000.0,20859,20859,Luisiana,40,40,40,403
403413000.0,32330,32330,Lumban,40,40,40,403
403414000.0,21275,21275,Mabitac,40,40,40,403
403415000.0,27816,27816,Magdalena,40,40,40,403
403416000.0,27893,27893,Majayjay,40,40,40,403
403417000.0,64866,64866,Nagcarlan,40,40,40,403
403418000.0,24945,24945,Paete,40,40,40,403
403419000.0,44327,44327,Pagsanjan,40,40,40,403
403420000.0,23495,23495,Pakil,40,40,40,403
403421000.0,25026,25026,Pangil,40,40,40,403
403422000.0,54613,54613,Pila,40,40,40,403
403423000.0,18332,18332,Rizal,40,40,40,403
403426000.0,123574,123574,Santa Cruz ,40,40,40,403
403427000.0,34511,34511,Santa Maria,40,40,40,403
403429000.0,39460,39460,Siniloan,40,40,40,403
403430000.0,43408,43408,Victoria,40,40,40,403
405601000.0,12764,12764,Agdangan,40,40,40,405
405602000.0,15936,15936,Alabat,40,40,40,405
405603000.0,64260,64260,Atimonan,40,40,40,405
405605000.0,31160,31160,Buenavista,40,40,40,405
405606000.0,24644,24644,Burdeos,40,40,40,405
405607000.0,71809,71809,Calauag,40,40,40,405
405608000.0,137881,137881,Candelaria,40,40,40,405
405610000.0,72752,72752,Catanauan,40,40,40,405
405615000.0,32514,32514,Dolores,40,40,40,405
405616000.0,24804,24804,General Luna,40,40,40,405
405617000.0,34225,34225,General Nakar,40,40,40,405
405618000.0,44045,44045,Guinayangan,40,40,40,405
405619000.0,71942,71942,Gumaca,40,40,40,405
405620000.0,76186,76186,Infanta,40,40,40,405
405621000.0,7667,7667,Jomalig,40,40,40,405
405622000.0,94657,94657,Lopez,40,40,40,405
405623000.0,53091,53091,Lucban,40,40,40,405
405625000.0,27312,27312,Macalelon,40,40,40,405
405627000.0,71081,71081,Mauban,40,40,40,405
405628000.0,55576,55576,Mulanay,40,40,40,405
405629000.0,23488,23488,Padre Burgos,40,40,40,405
405630000.0,78700,78700,Pagbilao,40,40,40,405
405631000.0,16376,16376,Panukulan,40,40,40,405
405632000.0,15052,15052,Patnanungan,40,40,40,405
405633000.0,12767,12767,Perez,40,40,40,405
405634000.0,22798,22798,Pitogo,40,40,40,405
405635000.0,10129,10129,Plaridel,40,40,40,405
405636000.0,31908,31908,Polillo,40,40,40,405
405637000.0,15886,15886,Quezon,40,40,40,405
405638000.0,38678,38678,Real,40,40,40,405
405639000.0,13629,13629,Sampaloc,40,40,40,405
405640000.0,37454,37454,San Andres,40,40,40,405
405641000.0,35891,35891,San Antonio,40,40,40,405
405642000.0,62097,62097,San Francisco,40,40,40,405
405644000.0,51058,51058,San Narciso,40,40,40,405
405645000.0,161868,161868,Sariaya,40,40,40,405
405646000.0,54003,54003,Tagkawayan,40,40,40,405
405648000.0,106265,106265,Tiaong,40,40,40,405
405649000.0,25448,25448,Unisan,40,40,40,405
405801000.0,130494,130494,Angono,40,40,40,405
405803000.0,87637,87637,Baras,40,40,40,405
405804000.0,313631,313631,Binangonan,40,40,40,405
405805000.0,376933,376933,Cainta,40,40,40,405
405806000.0,50143,50143,Cardona,40,40,40,405
405807000.0,34017,34017,Jala-Jala,40,40,40,405
405808000.0,443954,443954,Rodriguez,40,40,40,405
405809000.0,71151,71151,Morong,40,40,40,405
405810000.0,71535,71535,Pililla,40,40,40,405
405811000.0,273306,273306,San Mateo,40,40,40,405
405812000.0,139420,139420,Tanay,40,40,40,405
405813000.0,386451,386451,Taytay,40,40,40,405
405814000.0,64072,64072,Teresa,40,40,40,405
1704001000.0,57283,57283,Boac ,17,17,17,170
1704002000.0,26043,26043,Buenavista,17,17,17,170
1704003000.0,36197,36197,Gasan,17,17,17,170
1704004000.0,34516,34516,Mogpog,17,17,17,170
1704005000.0,54692,54692,Santa Cruz,17,17,17,170
1704006000.0,30476,30476,Torrijos,17,17,17,170
1705101000.0,35176,35176,Abra De Ilog,17,17,17,170
1705102000.0,30190,30190,Calintaan,17,17,17,170
1705103000.0,7802,7802,Looc,17,17,17,170
1705104000.0,17437,17437,Lubang,17,17,17,170
1705105000.0,39767,39767,Magsaysay,17,17,17,170
1705106000.0,47705,47705,Mamburao ,17,17,17,170
1705107000.0,18566,18566,Paluan,17,17,17,170
1705108000.0,40429,40429,Rizal,17,17,17,170
1705109000.0,92598,92598,Sablayan,17,17,17,170
1705110000.0,153267,153267,San Jose,17,17,17,170
1705111000.0,42417,42417,Santa Cruz,17,17,17,170
1705201000.0,39817,39817,Baco,17,17,17,170
1705202000.0,42671,42671,Bansud,17,17,17,170
1705203000.0,76973,76973,Bongabong,17,17,17,170
1705204000.0,44366,44366,Bulalacao,17,17,17,170
1705206000.0,50496,50496,Gloria,17,17,17,170
1705207000.0,59114,59114,Mansalay,17,17,17,170
1705208000.0,109587,109587,Naujan,17,17,17,170
1705209000.0,90383,90383,Pinamalayan,17,17,17,170
1705210000.0,35455,35455,Pola,17,17,17,170
1705211000.0,41961,41961,Puerto Galera,17,17,17,170
1705212000.0,58849,58849,Roxas,17,17,17,170
1705213000.0,19121,19121,San Teodoro,17,17,17,170
1705214000.0,41585,41585,Socorro,17,17,17,170
1705215000.0,52175,52175,Victoria,17,17,17,170
1705301000.0,38736,38736,Aborlan,17,17,17,170
1705302000.0,12867,12867,Agutaya,17,17,17,170
1705303000.0,14434,14434,Araceli,17,17,17,170
1705304000.0,42527,42527,Balabac,17,17,17,170
1705305000.0,85439,85439,Bataraza,17,17,17,170
1705306000.0,73994,73994,Brooke'S Point,17,17,17,170
1705307000.0,25617,25617,Busuanga,17,17,17,170
1705308000.0,6884,6884,Cagayancillo,17,17,17,170
1705309000.0,65855,65855,Coron,17,17,17,170
1705310000.0,23489,23489,Cuyo,17,17,17,170
1705311000.0,23528,23528,Dumaran,17,17,17,170
1705312000.0,50494,50494,El Nido,17,17,17,170
1705313000.0,16424,16424,Linapacan,17,17,17,170
1705314000.0,12603,12603,Magsaysay,17,17,17,170
1705315000.0,77948,77948,Narra,17,17,17,170
1705317000.0,65283,65283,Quezon,17,17,17,170
1705318000.0,69624,69624,Roxas,17,17,17,170
1705319000.0,33507,33507,San Vicente,17,17,17,170
1705320000.0,83357,83357,Taytay,17,17,17,170
1705321000.0,193,193,Kalayaan,17,17,17,170
1705322000.0,23213,23213,Culion,17,17,17,170
1705323000.0,56162,56162,Rizal,17,17,17,170
1705324000.0,37416,37416,Sofronio Española,17,17,17,170
1705901000.0,17171,17171,Alcantara,17,17,17,170
1705902000.0,5737,5737,Banton,17,17,17,170
1705903000.0,23259,23259,Cajidiocan,17,17,17,170
1705904000.0,11342,11342,Calatrava,17,17,17,170
1705905000.0,3561,3561,Concepcion,17,17,17,170
1705906000.0,10112,10112,Corcuera,17,17,17,170
1705907000.0,21799,21799,Looc,17,17,17,170
1705908000.0,15385,15385,Magdiwang,17,17,17,170
1705909000.0,49284,49284,Odiongan,17,17,17,170
1705910000.0,40554,40554,Romblon ,17,17,17,170
1705911000.0,24115,24115,San Agustin,17,17,17,170
1705912000.0,15940,15940,San Andres,17,17,17,170
1705913000.0,24171,24171,San Fernando,17,17,17,170
1705914000.0,11759,11759,San Jose,17,17,17,170
1705915000.0,17802,17802,Santa Fe,17,17,17,170
1705916000.0,8005,8005,Ferrol,17,17,17,170
1705917000.0,8989,8989,Santa Maria,17,17,17,170
500501000.0,72485,72485,Bacacay,50,50,50,500
500502000.0,72042,72042,Camalig,50,50,50,500
500503000.0,133893,133893,Daraga,50,50,50,500
500504000.0,85786,85786,Guinobatan,50,50,50,500
500505000.0,17795,17795,Jovellar,50,50,50,500
500507000.0,75073,75073,Libon,50,50,50,500
500509000.0,40857,40857,Malilipot,50,50,50,500
500510000.0,47395,47395,Malinao,50,50,50,500
500511000.0,26162,26162,Manito,50,50,50,500
500512000.0,66084,66084,Oas,50,50,50,500
500513000.0,49070,49070,Pio Duran,50,50,50,500
500514000.0,89176,89176,Polangui,50,50,50,500
500515000.0,36151,36151,Rapu-Rapu,50,50,50,500
500516000.0,37765,37765,Santo Domingo,50,50,50,500
500518000.0,56444,56444,Tiwi,50,50,50,500
501601000.0,45133,45133,Basud,50,50,50,501
501602000.0,36223,36223,Capalonga,50,50,50,501
501603000.0,111700,111700,Daet ,50,50,50,501
501604000.0,15757,15757,San Lorenzo Ruiz,50,50,50,501
501605000.0,63662,63662,Jose Panganiban,50,50,50,501
501606000.0,109245,109245,Labo,50,50,50,501
501607000.0,55334,55334,Mercedes,50,50,50,501
501608000.0,60198,60198,Paracale,50,50,50,501
501609000.0,12579,12579,San Vicente,50,50,50,501
501610000.0,43582,43582,Santa Elena,50,50,50,501
501611000.0,27244,27244,Talisay,50,50,50,501
501612000.0,49042,49042,Vinzons,50,50,50,501
501701000.0,61493,61493,Baao,50,50,50,501
501702000.0,30669,30669,Balatan,50,50,50,501
501703000.0,52155,52155,Bato,50,50,50,501
501704000.0,17995,17995,Bombon,50,50,50,501
501705000.0,81306,81306,Buhi,50,50,50,501
501706000.0,73143,73143,Bula,50,50,50,501
501707000.0,19257,19257,Cabusao,50,50,50,501
501708000.0,88906,88906,Calabanga,50,50,50,501
501709000.0,25036,25036,Camaligan,50,50,50,501
501710000.0,36205,36205,Canaman,50,50,50,501
501711000.0,51728,51728,Caramoan,50,50,50,501
501712000.0,26403,26403,Del Gallego,50,50,50,501
501713000.0,11584,11584,Gainza,50,50,50,501
501714000.0,29436,29436,Garchitorena,50,50,50,501
501715000.0,71368,71368,Goa,50,50,50,501
501717000.0,56714,56714,Lagonoy,50,50,50,501
501718000.0,112994,112994,Libmanan,50,50,50,501
501719000.0,33897,33897,Lupi,50,50,50,501
501720000.0,26742,26742,Magarao,50,50,50,501
501721000.0,33963,33963,Milaor,50,50,50,501
501722000.0,53981,53981,Minalabac,50,50,50,501
501723000.0,86490,86490,Nabua,50,50,50,501
501725000.0,51073,51073,Ocampo,50,50,50,501
501726000.0,39333,39333,Pamplona,50,50,50,501
501727000.0,53461,53461,Pasacao,50,50,50,501
501728000.0,99196,99196,Pili ,50,50,50,501
501729000.0,22591,22591,Presentacion,50,50,50,501
501730000.0,59770,59770,Ragay,50,50,50,501
501731000.0,36841,36841,Sagñay,50,50,50,501
501732000.0,38626,38626,San Fernando,50,50,50,501
501733000.0,43973,43973,San Jose,50,50,50,501
501734000.0,68169,68169,Sipocot,50,50,50,501
501735000.0,19419,19419,Siruma,50,50,50,501
501736000.0,60524,60524,Tigaon,50,50,50,501
501737000.0,70176,70176,Tinambac,50,50,50,501
502001000.0,11086,11086,Bagamanoc,50,50,50,502
502002000.0,13484,13484,Baras,50,50,50,502
502003000.0,21748,21748,Bato,50,50,50,502
502004000.0,32114,32114,Caramoran,50,50,50,502
502005000.0,8712,8712,Gigmoto,50,50,50,502
502006000.0,21473,21473,Pandan,50,50,50,502
502007000.0,9713,9713,Panganiban,50,50,50,502
502008000.0,38480,38480,San Andres,50,50,50,502
502009000.0,15680,15680,San Miguel,50,50,50,502
502010000.0,22869,22869,Viga,50,50,50,502
502011000.0,76520,76520,Virac ,50,50,50,502
504101000.0,88351,88351,Aroroy,50,50,50,504
504102000.0,28855,28855,Baleno,50,50,50,504
504103000.0,40155,40155,Balud,50,50,50,504
504104000.0,14610,14610,Batuan,50,50,50,504
504105000.0,50623,50623,Cataingan,50,50,50,504
504106000.0,69265,69265,Cawayan,50,50,50,504
504107000.0,42142,42142,Claveria,50,50,50,504
504108000.0,24909,24909,Dimasalang,50,50,50,504
504109000.0,17534,17534,Esperanza,50,50,50,504
504110000.0,44122,44122,Mandaon,50,50,50,504
504112000.0,57538,57538,Milagros,50,50,50,504
504113000.0,40823,40823,Mobo,50,50,50,504
504114000.0,25164,25164,Monreal,50,50,50,504
504115000.0,27322,27322,Palanas,50,50,50,504
504116000.0,23744,23744,Pio V. Corpus,50,50,50,504
504117000.0,56340,56340,Placer,50,50,50,504
504118000.0,21600,21600,San Fernando,50,50,50,504
504119000.0,29686,29686,San Jacinto,50,50,50,504
504120000.0,44449,44449,San Pascual,50,50,50,504
504121000.0,57166,57166,Uson,50,50,50,504
506202000.0,20987,20987,Barcelona,50,50,50,506
506203000.0,105190,105190,Bulan,50,50,50,506
506204000.0,23932,23932,Bulusan,50,50,50,506
506205000.0,35602,35602,Casiguran,50,50,50,506
506206000.0,60635,60635,Castilla,50,50,50,506
506207000.0,50281,50281,Donsol,50,50,50,506
506208000.0,60294,60294,Gubat,50,50,50,506
506209000.0,59267,59267,Irosin,50,50,50,506
506210000.0,35297,35297,Juban,50,50,50,506
506211000.0,37411,37411,Magallanes,50,50,50,506
506212000.0,41989,41989,Matnog,50,50,50,506
506213000.0,75793,75793,Pilar,50,50,50,506
506214000.0,22644,22644,Prieto Diaz,50,50,50,506
506215000.0,17096,17096,Santa Magdalena,50,50,50,506
600401000.0,25639,25639,Altavas,60,60,60,600
600402000.0,30090,30090,Balete,60,60,60,600
600403000.0,40318,40318,Banga,60,60,60,600
600404000.0,33484,33484,Batan,60,60,60,600
600405000.0,19357,19357,Buruanga,60,60,60,600
600406000.0,52364,52364,Ibajay,60,60,60,600
600407000.0,89127,89127,Kalibo ,60,60,60,600
600408000.0,15639,15639,Lezo,60,60,60,600
600409000.0,28272,28272,Libacao,60,60,60,600
600410000.0,18890,18890,Madalag,60,60,60,600
600411000.0,29717,29717,Makato,60,60,60,600
600412000.0,60077,60077,Malay,60,60,60,600
600413000.0,24517,24517,Malinao,60,60,60,600
600414000.0,40632,40632,Nabas,60,60,60,600
600415000.0,47955,47955,New Washington,60,60,60,600
600416000.0,35693,35693,Numancia,60,60,60,600
600417000.0,23704,23704,Tangalan,60,60,60,600
600601000.0,22018,22018,Anini-Y,60,60,60,600
600602000.0,23359,23359,Barbaza,60,60,60,600
600603000.0,14129,14129,Belison,60,60,60,600
600604000.0,34676,34676,Bugasong,60,60,60,600
600605000.0,38908,38908,Caluya,60,60,60,600
600606000.0,44494,44494,Culasi,60,60,60,600
600607000.0,33816,33816,Tobias Fornier,60,60,60,600
600608000.0,52685,52685,Hamtic,60,60,60,600
600609000.0,26580,26580,Laua-An,60,60,60,600
600610000.0,17507,17507,Libertad,60,60,60,600
600611000.0,35965,35965,Pandan,60,60,60,600
600612000.0,38329,38329,Patnongon,60,60,60,600
600613000.0,65140,65140,San Jose ,60,60,60,600
600614000.0,34045,34045,San Remigio,60,60,60,600
600615000.0,18816,18816,Sebaste,60,60,60,600
600616000.0,63833,63833,Sibalom,60,60,60,600
600617000.0,28703,28703,Tibiao,60,60,60,600
600618000.0,19971,19971,Valderrama,60,60,60,600
601901000.0,27993,27993,Cuartero,60,60,60,601
601902000.0,33842,33842,Dao,60,60,60,601
601903000.0,30098,30098,Dumalag,60,60,60,601
601904000.0,49506,49506,Dumarao,60,60,60,601
601905000.0,31278,31278,Ivisan,60,60,60,601
601906000.0,38670,38670,Jamindan,60,60,60,601
601907000.0,41226,41226,Ma-Ayon,60,60,60,601
601908000.0,40690,40690,Mambusao,60,60,60,601
601909000.0,48890,48890,Panay,60,60,60,601
601910000.0,42565,42565,Panitan,60,60,60,601
601911000.0,47100,47100,Pilar,60,60,60,601
601912000.0,49725,49725,Pontevedra,60,60,60,601
601913000.0,31269,31269,President Roxas,60,60,60,601
601915000.0,26697,26697,Sapi-An,60,60,60,601
601916000.0,31688,31688,Sigma,60,60,60,601
601917000.0,54423,54423,Tapaz,60,60,60,601
603001000.0,53462,53462,Ajuy,60,60,60,603
603002000.0,39722,39722,Alimodian,60,60,60,603
603003000.0,30520,30520,Anilao,60,60,60,603
603004000.0,27056,27056,Badiangan,60,60,60,603
603005000.0,35064,35064,Balasan,60,60,60,603
603006000.0,33376,33376,Banate,60,60,60,603
603007000.0,58176,58176,Barotac Nuevo,60,60,60,603
603008000.0,48614,48614,Barotac Viejo,60,60,60,603
603009000.0,22157,22157,Batad,60,60,60,603
603010000.0,16164,16164,Bingawan,60,60,60,603
603012000.0,61110,61110,Cabatuan,60,60,60,603
603013000.0,62853,62853,Calinog,60,60,60,603
603014000.0,72637,72637,Carles,60,60,60,603
603015000.0,44633,44633,Concepcion,60,60,60,603
603016000.0,45965,45965,Dingle,60,60,60,603
603017000.0,34597,34597,Dueñas,60,60,60,603
603018000.0,73899,73899,Dumangas,60,60,60,603
603019000.0,53200,53200,Estancia,60,60,60,603
603020000.0,35022,35022,Guimbal,60,60,60,603
603021000.0,32197,32197,Igbaras,60,60,60,603
603023000.0,66786,66786,Janiuay,60,60,60,603
603025000.0,81236,81236,Lambunao,60,60,60,603
603026000.0,34725,34725,Leganes,60,60,60,603
603027000.0,31414,31414,Lemery,60,60,60,603
603028000.0,51990,51990,Leon,60,60,60,603
603029000.0,38461,38461,Maasin,60,60,60,603
603030000.0,68115,68115,Miagao,60,60,60,603
603031000.0,24042,24042,Mina,60,60,60,603
603032000.0,24314,24314,New Lucena,60,60,60,603
603034000.0,98509,98509,Oton,60,60,60,603
603036000.0,70388,70388,Pavia,60,60,60,603
603037000.0,78298,78298,Pototan,60,60,60,603
603038000.0,39048,39048,San Dionisio,60,60,60,603
603039000.0,36911,36911,San Enrique,60,60,60,603
603040000.0,52617,52617,San Joaquin,60,60,60,603
603041000.0,30115,30115,San Miguel,60,60,60,603
603042000.0,17795,17795,San Rafael,60,60,60,603
603043000.0,67630,67630,Santa Barbara,60,60,60,603
603044000.0,54637,54637,Sara,60,60,60,603
603045000.0,65245,65245,Tigbauan,60,60,60,603
603046000.0,23021,23021,Tubungan,60,60,60,603
603047000.0,27305,27305,Zarraga,60,60,60,603
604503000.0,71407,71407,Binalbagan,60,60,60,604
604505000.0,82540,82540,Calatrava,60,60,60,604
604506000.0,23751,23751,Candoni,60,60,60,604
604507000.0,108480,108480,Cauayan,60,60,60,604
604508000.0,64290,64290,Enrique B. Magalona,60,60,60,604
604511000.0,88909,88909,Hinigaran,60,60,60,604
604512000.0,60865,60865,Hinoba-an,60,60,60,604
604513000.0,59855,59855,Ilog,60,60,60,604
604514000.0,64516,64516,Isabela,60,60,60,604
604517000.0,79492,79492,La Castellana,60,60,60,604
604518000.0,55083,55083,Manapla,60,60,60,604
604519000.0,43462,43462,Moises Padilla,60,60,60,604
604520000.0,88868,88868,Murcia,60,60,60,604
604521000.0,54502,54502,Pontevedra,60,60,60,604
604522000.0,30117,30117,Pulupandan,60,60,60,604
604525000.0,24177,24177,San Enrique,60,60,60,604
604529000.0,43445,43445,Toboso,60,60,60,604
604530000.0,39996,39996,Valladolid,60,60,60,604
604532000.0,26922,26922,Salvador Benedicto,60,60,60,604
607901000.0,52899,52899,Buenavista,60,60,60,607
607902000.0,39566,39566,Jordan ,60,60,60,607
607903000.0,42771,42771,Nueva Valencia,60,60,60,607
607904000.0,29444,29444,San Lorenzo,60,60,60,607
607905000.0,23162,23162,Sibunag,60,60,60,607
701201000.0,11246,11246,Alburquerque,70,70,70,701
701202000.0,24374,24374,Alicia,70,70,70,701
701203000.0,17778,17778,Anda,70,70,70,701
701204000.0,14990,14990,Antequera,70,70,70,701
701205000.0,22461,22461,Baclayon,70,70,70,701
701206000.0,18694,18694,Balilihan,70,70,70,701
701207000.0,13845,13845,Batuan,70,70,70,701
701208000.0,18512,18512,Bilar,70,70,70,701
701209000.0,29711,29711,Buenavista,70,70,70,701
701210000.0,33079,33079,Calape,70,70,70,701
701211000.0,30119,30119,Candijay,70,70,70,701
701212000.0,49191,49191,Carmen,70,70,70,701
701213000.0,23805,23805,Catigbian,70,70,70,701
701214000.0,21158,21158,Clarin,70,70,70,701
701215000.0,9479,9479,Corella,70,70,70,701
701216000.0,18344,18344,Cortes,70,70,70,701
701217000.0,19874,19874,Dagohoy,70,70,70,701
701218000.0,20245,20245,Danao,70,70,70,701
701219000.0,52492,52492,Dauis,70,70,70,701
701220000.0,14889,14889,Dimiao,70,70,70,701
701221000.0,18861,18861,Duero,70,70,70,701
701222000.0,24430,24430,Garcia Hernandez,70,70,70,701
701223000.0,34104,34104,Guindulman,70,70,70,701
701224000.0,48534,48534,Inabanga,70,70,70,701
701225000.0,35832,35832,Jagna,70,70,70,701
701226000.0,33422,33422,Getafe,70,70,70,701
701227000.0,12240,12240,Lila,70,70,70,701
701228000.0,17855,17855,Loay,70,70,70,701
701229000.0,17418,17418,Loboc,70,70,70,701
701230000.0,44224,44224,Loon,70,70,70,701
701231000.0,28701,28701,Mabini,70,70,70,701
701232000.0,22178,22178,Maribojoc,70,70,70,701
701233000.0,39839,39839,Panglao,70,70,70,701
701234000.0,28693,28693,Pilar,70,70,70,701
701235000.0,23625,23625,President Carlos P. Garcia,70,70,70,701
701236000.0,24335,24335,Sagbayan,70,70,70,701
701237000.0,9909,9909,San Isidro,70,70,70,701
701238000.0,25356,25356,San Miguel,70,70,70,701
701239000.0,11376,11376,Sevilla,70,70,70,701
701240000.0,26095,26095,Sierra Bullones,70,70,70,701
701241000.0,6906,6906,Sikatuna,70,70,70,701
701243000.0,71272,71272,Talibon,70,70,70,701
701244000.0,35119,35119,Trinidad,70,70,70,701
701245000.0,47886,47886,Tubigon,70,70,70,701
701246000.0,81799,81799,Ubay,70,70,70,701
701247000.0,28392,28392,Valencia,70,70,70,701
701248000.0,26666,26666,Bien Unido,70,70,70,701
702201000.0,16910,16910,Alcantara,70,70,70,702
702202000.0,19186,19186,Alcoy,70,70,70,702
702203000.0,25620,25620,Alegria,70,70,70,702
702204000.0,34466,34466,Aloguinsan,70,70,70,702
702205000.0,78187,78187,Argao,70,70,70,702
702206000.0,55397,55397,Asturias,70,70,70,702
702207000.0,43735,43735,Badian,70,70,70,702
702208000.0,95136,95136,Balamban,70,70,70,702
702209000.0,86247,86247,Bantayan,70,70,70,702
702210000.0,80715,80715,Barili,70,70,70,702
702212000.0,17525,17525,Boljoon,70,70,70,702
702213000.0,38187,38187,Borbon,70,70,70,702
702215000.0,57897,57897,Carmen,70,70,70,702
702216000.0,33745,33745,Catmon,70,70,70,702
702218000.0,55874,55874,Compostela,70,70,70,702
702219000.0,148012,148012,Consolacion,70,70,70,702
702220000.0,70595,70595,Cordova,70,70,70,702
702221000.0,93502,93502,Daanbantayan,70,70,70,702
702222000.0,74596,74596,Dalaguete,70,70,70,702
702224000.0,57823,57823,Dumanjug,70,70,70,702
702225000.0,16906,16906,Ginatilan,70,70,70,702
702227000.0,153197,153197,Liloan,70,70,70,702
702228000.0,42039,42039,Madridejos,70,70,70,702
702229000.0,19770,19770,Malabuyoc,70,70,70,702
702231000.0,59605,59605,Medellin,70,70,70,702
702232000.0,151002,151002,Minglanilla,70,70,70,702
702233000.0,36930,36930,Moalboal,70,70,70,702
702235000.0,29264,29264,Oslob,70,70,70,702
702236000.0,12506,12506,Pilar,70,70,70,702
702237000.0,75131,75131,Pinamungajan,70,70,70,702
702238000.0,26232,26232,Poro,70,70,70,702
702239000.0,21005,21005,Ronda,70,70,70,702
702240000.0,20373,20373,Samboan,70,70,70,702
702241000.0,72224,72224,San Fernando,70,70,70,702
702242000.0,59236,59236,San Francisco,70,70,70,702
702243000.0,65744,65744,San Remigio,70,70,70,702
702244000.0,34471,34471,Santa Fe,70,70,70,702
702245000.0,18527,18527,Santander,70,70,70,702
702246000.0,53424,53424,Sibonga,70,70,70,702
702247000.0,39447,39447,Sogod,70,70,70,702
702248000.0,41432,41432,Tabogon,70,70,70,702
702249000.0,28907,28907,Tabuelan,70,70,70,702
702252000.0,68167,68167,Tuburan,70,70,70,702
702253000.0,11304,11304,Tudela,70,70,70,702
704601000.0,25513,25513,Amlan,70,70,70,704
704602000.0,47102,47102,Ayungon,70,70,70,704
704603000.0,41207,41207,Bacong,70,70,70,704
704605000.0,28531,28531,Basay,70,70,70,704
704607000.0,40308,40308,Bindoy,70,70,70,704
704609000.0,30018,30018,Dauin,70,70,70,704
704612000.0,32256,32256,Jimalalud,70,70,70,704
704613000.0,41089,41089,La Libertad,70,70,70,704
704614000.0,82953,82953,Mabinay,70,70,70,704
704615000.0,44799,44799,Manjuyod,70,70,70,704
704616000.0,39805,39805,Pamplona,70,70,70,704
704617000.0,21956,21956,San Jose,70,70,70,704
704618000.0,77501,77501,Santa Catalina,70,70,70,704
704619000.0,83082,83082,Siaton,70,70,70,704
704620000.0,64343,64343,Sibulan,70,70,70,704
704622000.0,38159,38159,Tayasan,70,70,70,704
704623000.0,38733,38733,Valencia,70,70,70,704
704624000.0,40779,40779,Vallehermoso,70,70,70,704
704625000.0,29569,29569,Zamboanguita,70,70,70,704
706101000.0,6790,6790,Enrique Villanueva,70,70,70,706
706102000.0,14454,14454,Larena,70,70,70,706
706103000.0,22488,22488,Lazi,70,70,70,706
706104000.0,14385,14385,Maria,70,70,70,706
706105000.0,16363,16363,San Juan,70,70,70,706
706106000.0,28915,28915,Siquijor ,70,70,70,706
802601000.0,16360,16360,Arteche,80,80,80,802
802602000.0,14341,14341,Balangiga,80,80,80,802
802603000.0,10185,10185,Balangkayan,80,80,80,802
802605000.0,21682,21682,Can-Avid,80,80,80,802
802606000.0,44626,44626,Dolores,80,80,80,802
802607000.0,14411,14411,General Macarthur,80,80,80,802
802608000.0,13117,13117,Giporlos,80,80,80,802
802609000.0,53361,53361,Guiuan,80,80,80,802
802610000.0,8531,8531,Hernani,80,80,80,802
802611000.0,8439,8439,Jipapad,80,80,80,802
802612000.0,13003,13003,Lawaan,80,80,80,802
802613000.0,21459,21459,Llorente,80,80,80,802
802614000.0,5463,5463,Maslog,80,80,80,802
802615000.0,15314,15314,Maydolong,80,80,80,802
802616000.0,6112,6112,Mercedes,80,80,80,802
802617000.0,37451,37451,Oras,80,80,80,802
802618000.0,14507,14507,Quinapondan,80,80,80,802
802619000.0,22136,22136,Salcedo,80,80,80,802
802620000.0,14800,14800,San Julian,80,80,80,802
802621000.0,15365,15365,San Policarpo,80,80,80,802
802622000.0,15758,15758,Sulat,80,80,80,802
802623000.0,18786,18786,Taft,80,80,80,802
803701000.0,61216,61216,Abuyog,80,80,80,803
803702000.0,57185,57185,Alangalang,80,80,80,803
803703000.0,47151,47151,Albuera,80,80,80,803
803705000.0,28823,28823,Babatngon,80,80,80,803
803706000.0,34497,34497,Barugo,80,80,80,803
803707000.0,38505,38505,Bato,80,80,80,803
803710000.0,52511,52511,Burauen,80,80,80,803
803713000.0,31646,31646,Calubian,80,80,80,803
803714000.0,33721,33721,Capoocan,80,80,80,803
803715000.0,54656,54656,Carigara,80,80,80,803
803717000.0,36178,36178,Dagami,80,80,80,803
803718000.0,48992,48992,Dulag,80,80,80,803
803719000.0,64514,64514,Hilongos,80,80,80,803
803720000.0,20849,20849,Hindang,80,80,80,803
803721000.0,21389,21389,Inopacan,80,80,80,803
803722000.0,46781,46781,Isabel,80,80,80,803
803723000.0,43758,43758,Jaro,80,80,80,803
803724000.0,26658,26658,Javier,80,80,80,803
803725000.0,15598,15598,Julita,80,80,80,803
803726000.0,59696,59696,Kananga,80,80,80,803
803728000.0,19174,19174,La Paz,80,80,80,803
803729000.0,40397,40397,Leyte,80,80,80,803
803730000.0,21578,21578,Macarthur,80,80,80,803
803731000.0,27865,27865,Mahaplag,80,80,80,803
803733000.0,17522,17522,Matag-Ob,80,80,80,803
803734000.0,32586,32586,Matalom,80,80,80,803
803735000.0,18071,18071,Mayorga,80,80,80,803
803736000.0,31574,31574,Merida,80,80,80,803
803739000.0,76213,76213,Palo,80,80,80,803
803740000.0,58313,58313,Palompon,80,80,80,803
803741000.0,19359,19359,Pastrana,80,80,80,803
803742000.0,30722,30722,San Isidro,80,80,80,803
803743000.0,19753,19753,San Miguel,80,80,80,803
803744000.0,22102,22102,Santa Fe,80,80,80,803
803745000.0,33868,33868,Tabango,80,80,80,803
803746000.0,11902,11902,Tabontabon,80,80,80,803
803748000.0,57455,57455,Tanauan,80,80,80,803
803749000.0,20708,20708,Tolosa,80,80,80,803
803750000.0,7656,7656,Tunga,80,80,80,803
803751000.0,42859,42859,Villaba,80,80,80,803
804801000.0,25228,25228,Allen,80,80,80,804
804802000.0,11274,11274,Biri,80,80,80,804
804803000.0,25964,25964,Bobon,80,80,80,804
804804000.0,12323,12323,Capul,80,80,80,804
804805000.0,97879,97879,Catarman ,80,80,80,804
804806000.0,32174,32174,Catubig,80,80,80,804
804807000.0,23367,23367,Gamay,80,80,80,804
804808000.0,60607,60607,Laoang,80,80,80,804
804809000.0,11844,11844,Lapinig,80,80,80,804
804810000.0,36621,36621,Las Navas,80,80,80,804
804811000.0,29390,29390,Lavezares,80,80,80,804
804812000.0,14234,14234,Mapanas,80,80,80,804
804813000.0,41415,41415,Mondragon,80,80,80,804
804814000.0,34034,34034,Palapag,80,80,80,804
804815000.0,35532,35532,Pambujan,80,80,80,804
804816000.0,10949,10949,Rosario,80,80,80,804
804817000.0,8882,8882,San Antonio,80,80,80,804
804818000.0,27867,27867,San Isidro,80,80,80,804
804819000.0,17641,17641,San Jose,80,80,80,804
804820000.0,29882,29882,San Roque,80,80,80,804
804821000.0,6928,6928,San Vicente,80,80,80,804
804822000.0,15100,15100,Silvino Lobos,80,80,80,804
804823000.0,15361,15361,Victoria,80,80,80,804
804824000.0,14690,14690,Lope De Vega,80,80,80,804
806001000.0,9273,9273,Almagro,80,80,80,806
806002000.0,56685,56685,Basey,80,80,80,806
806004000.0,23310,23310,Calbiga,80,80,80,806
806006000.0,41608,41608,Daram,80,80,80,806
806007000.0,35242,35242,Gandara,80,80,80,806
806008000.0,13693,13693,Hinabangan,80,80,80,806
806009000.0,19205,19205,Jiabong,80,80,80,806
806010000.0,17842,17842,Marabut,80,80,80,806
806011000.0,7364,7364,Matuguinao,80,80,80,806
806012000.0,15276,15276,Motiong,80,80,80,806
806013000.0,18136,18136,Pinabacdao,80,80,80,806
806014000.0,7767,7767,San Jose De Buan,80,80,80,806
806015000.0,8704,8704,San Sebastian,80,80,80,806
806016000.0,26816,26816,Santa Margarita,80,80,80,806
806017000.0,42384,42384,Santa Rita,80,80,80,806
806018000.0,12519,12519,Santo Niño,80,80,80,806
806019000.0,7856,7856,Talalora,80,80,80,806
806020000.0,25713,25713,Tarangnan,80,80,80,806
806021000.0,27394,27394,Villareal,80,80,80,806
806022000.0,32374,32374,Paranas,80,80,80,806
806023000.0,16279,16279,Zumarraga,80,80,80,806
806024000.0,8805,8805,Tagapul-An,80,80,80,806
806025000.0,17579,17579,San Jorge,80,80,80,806
806026000.0,7959,7959,Pagsanghan,80,80,80,806
806401000.0,8429,8429,Anahawan,80,80,80,806
806402000.0,29799,29799,Bontoc,80,80,80,806
806403000.0,29149,29149,Hinunangan,80,80,80,806
806404000.0,12398,12398,Hinundayan,80,80,80,806
806405000.0,15244,15244,Libagon,80,80,80,806
806406000.0,24800,24800,Liloan,80,80,80,806
806408000.0,26580,26580,Macrohon,80,80,80,806
806409000.0,23256,23256,Malitbog,80,80,80,806
806410000.0,11159,11159,Padre Burgos,80,80,80,806
806411000.0,10202,10202,Pintuyan,80,80,80,806
806412000.0,28414,28414,Saint Bernard,80,80,80,806
806413000.0,13436,13436,San Francisco,80,80,80,806
806414000.0,14912,14912,San Juan,80,80,80,806
806415000.0,10500,10500,San Ricardo,80,80,80,806
806416000.0,13116,13116,Silago,80,80,80,806
806417000.0,47552,47552,Sogod,80,80,80,806
806418000.0,16990,16990,Tomas Oppus,80,80,80,806
806419000.0,6191,6191,Limasawa,80,80,80,806
807801000.0,17954,17954,Almeria,80,80,80,807
807802000.0,17662,17662,Biliran,80,80,80,807
807803000.0,21542,21542,Cabucgayan,80,80,80,807
807804000.0,24167,24167,Caibiran,80,80,80,807
807805000.0,12972,12972,Culaba,80,80,80,807
807806000.0,20455,20455,Kawayan,80,80,80,807
807807000.0,6373,6373,Maripipi,80,80,80,807
807808000.0,58187,58187,Naval ,80,80,80,807
907203000.0,44661,44661,Katipunan,90,90,90,907
907204000.0,8119,8119,La Libertad,90,90,90,907
907205000.0,43934,43934,Labason,90,90,90,907
907206000.0,42213,42213,Liloy,90,90,90,907
907207000.0,36887,36887,Manukan,90,90,90,907
907208000.0,11726,11726,Mutia,90,90,90,907
907209000.0,20221,20221,Piñan,90,90,90,907
907210000.0,42265,42265,Polanco,90,90,90,907
907211000.0,39198,39198,Pres. Manuel A. Roxas,90,90,90,907
907212000.0,15052,15052,Rizal,90,90,90,907
907213000.0,32134,32134,Salug,90,90,90,907
907214000.0,31942,31942,Sergio Osmeña Sr.,90,90,90,907
907215000.0,36236,36236,Siayan,90,90,90,907
907216000.0,36049,36049,Sibuco,90,90,90,907
907217000.0,17453,17453,Sibutad,90,90,90,907
907218000.0,103952,103952,Sindangan,90,90,90,907
907219000.0,48524,48524,Siocon,90,90,90,907
907220000.0,31163,31163,Sirawai,90,90,90,907
907221000.0,24680,24680,Tampilisan,90,90,90,907
907222000.0,28881,28881,Jose Dalman,90,90,90,907
907223000.0,36090,36090,Gutalac,90,90,90,907
907224000.0,23771,23771,Baliguian,90,90,90,907
907225000.0,17510,17510,Godod,90,90,90,907
907226000.0,27639,27639,Bacungan,90,90,90,907
907227000.0,23812,23812,Kalawit,90,90,90,907
907302000.0,52995,52995,Aurora,90,90,90,907
907303000.0,34519,34519,Bayog,90,90,90,907
907305000.0,31340,31340,Dimataling,90,90,90,907
907306000.0,36291,36291,Dinas,90,90,90,907
907307000.0,32928,32928,Dumalinao,90,90,90,907
907308000.0,48881,48881,Dumingag,90,90,90,907
907311000.0,29479,29479,Kumalarang,90,90,90,907
907312000.0,44262,44262,Labangan,90,90,90,907
907313000.0,27737,27737,Lapuyan,90,90,90,907
907315000.0,48258,48258,Mahayag,90,90,90,907
907317000.0,38660,38660,Margosatubig,90,90,90,907
907318000.0,33711,33711,Midsalip,90,90,90,907
907319000.0,53140,53140,Molave,90,90,90,907
907323000.0,27280,27280,Ramon Magsaysay,90,90,90,907
907324000.0,19838,19838,San Miguel,90,90,90,907
907325000.0,26648,26648,San Pablo,90,90,90,907
907327000.0,25734,25734,Tabina,90,90,90,907
907328000.0,37480,37480,Tambulig,90,90,90,907
907330000.0,42429,42429,Tukuran,90,90,90,907
907333000.0,21559,21559,Lakewood,90,90,90,907
907337000.0,12205,12205,Josefina,90,90,90,907
907338000.0,27516,27516,Pitogo,90,90,90,907
907340000.0,19061,19061,Sominot,90,90,90,907
907341000.0,24852,24852,Vincenzo A. Sagun,90,90,90,907
907343000.0,21738,21738,Guipos,90,90,90,907
907344000.0,21675,21675,Tigbao,90,90,90,907
908301000.0,39456,39456,Alicia,90,90,90,908
908302000.0,38425,38425,Buug,90,90,90,908
908303000.0,32585,32585,Diplahan,90,90,90,908
908304000.0,26020,26020,Imelda,90,90,90,908
908305000.0,89401,89401,Ipil ,90,90,90,908
908306000.0,46884,46884,Kabasalan,90,90,90,908
908307000.0,37390,37390,Mabuhay,90,90,90,908
908308000.0,32022,32022,Malangas,90,90,90,908
908309000.0,41743,41743,Naga,90,90,90,908
908310000.0,38438,38438,Olutanga,90,90,90,908
908311000.0,34952,34952,Payao,90,90,90,908
908312000.0,43575,43575,Roseller Lim,90,90,90,908
908313000.0,40585,40585,Siay,90,90,90,908
908314000.0,27873,27873,Talusan,90,90,90,908
908315000.0,53994,53994,Titay,90,90,90,908
908316000.0,46497,46497,Tungawan,90,90,90,908
1001301000.0,37111,37111,Baungon,10,10,10,100
1001302000.0,39322,39322,Damulog,10,10,10,100
1001303000.0,26076,26076,Dangcagan,10,10,10,100
1001304000.0,69273,69273,Don Carlos,10,10,10,100
1001305000.0,53863,53863,Impasug-ong,10,10,10,100
1001306000.0,33735,33735,Kadingilan,10,10,10,100
1001307000.0,43711,43711,Kalilangan,10,10,10,100
1001308000.0,41897,41897,Kibawe,10,10,10,100
1001309000.0,53796,53796,Kitaotao,10,10,10,100
1001310000.0,65974,65974,Lantapan,10,10,10,100
1001311000.0,48965,48965,Libona,10,10,10,100
1001313000.0,26741,26741,Malitbog,10,10,10,100
1001314000.0,113200,113200,Manolo Fortich,10,10,10,100
1001315000.0,108293,108293,Maramag,10,10,10,100
1001316000.0,56580,56580,Pangantucan,10,10,10,100
1001317000.0,109624,109624,Quezon,10,10,10,100
1001318000.0,63045,63045,San Fernando,10,10,10,100
1001319000.0,29531,29531,Sumilao,10,10,10,100
1001320000.0,77027,77027,Talakag,10,10,10,100
1001322000.0,36286,36286,Cabanglasan,10,10,10,100
1001801000.0,17569,17569,Catarman,10,10,10,100
1001802000.0,6685,6685,Guinsiliban,10,10,10,100
1001803000.0,14634,14634,Mahinog,10,10,10,100
1001804000.0,41094,41094,Mambajao ,10,10,10,100
1001805000.0,12826,12826,Sagay,10,10,10,100
1003501000.0,24367,24367,Bacolod,10,10,10,100
1003502000.0,68465,68465,Baloi,10,10,10,100
1003503000.0,24683,24683,Baroy,10,10,10,100
1003505000.0,62571,62571,Kapatagan,10,10,10,100
1003506000.0,60904,60904,Sultan Naga Dimaporo,10,10,10,100
1003507000.0,24193,24193,Kauswagan,10,10,10,100
1003508000.0,28265,28265,Kolambugan,10,10,10,100
1003509000.0,73425,73425,Lala,10,10,10,100
1003510000.0,21269,21269,Linamon,10,10,10,100
1003511000.0,20463,20463,Magsaysay,10,10,10,100
1003512000.0,23337,23337,Maigo,10,10,10,100
1003513000.0,14756,14756,Matungao,10,10,10,100
1003514000.0,35020,35020,Munai,10,10,10,100
1003515000.0,18827,18827,Nunungan,10,10,10,100
1003516000.0,30247,30247,Pantao Ragat,10,10,10,100
1003517000.0,29183,29183,Poona Piagapo,10,10,10,100
1003518000.0,32115,32115,Salvador,10,10,10,100
1003519000.0,22974,22974,Sapad,10,10,10,100
1003520000.0,15091,15091,Tagoloan,10,10,10,100
1003521000.0,16075,16075,Tangcal,10,10,10,100
1003522000.0,50073,50073,Tubod ,10,10,10,100
1003523000.0,26599,26599,Pantar,10,10,10,100
1004201000.0,27934,27934,Aloran,10,10,10,100
1004202000.0,18433,18433,Baliangao,10,10,10,100
1004203000.0,34558,34558,Bonifacio,10,10,10,100
1004204000.0,23227,23227,Calamba,10,10,10,100
1004205000.0,39356,39356,Clarin,10,10,10,100
1004206000.0,9324,9324,Concepcion,10,10,10,100
1004207000.0,28909,28909,Jimenez,10,10,10,100
1004208000.0,25507,25507,Lopez Jaena,10,10,10,100
1004211000.0,10797,10797,Panaon,10,10,10,100
1004212000.0,39840,39840,Plaridel,10,10,10,100
1004213000.0,20490,20490,Sapang Dalaga,10,10,10,100
1004214000.0,19671,19671,Sinacaban,10,10,10,100
1004216000.0,28599,28599,Tudela,10,10,10,100
1004217000.0,9664,9664,Don Victoriano Chiongbian,10,10,10,100
1004301000.0,32163,32163,Alubijid,10,10,10,100
1004302000.0,74385,74385,Balingasag,10,10,10,100
1004303000.0,11020,11020,Balingoan,10,10,10,100
1004304000.0,7441,7441,Binuangan,10,10,10,100
1004306000.0,52478,52478,Claveria,10,10,10,100
1004309000.0,17920,17920,Gitagum,10,10,10,100
1004310000.0,33902,33902,Initao,10,10,10,100
1004311000.0,57055,57055,Jasaan,10,10,10,100
1004312000.0,14091,14091,Kinoguitan,10,10,10,100
1004313000.0,24190,24190,Lagonglong,10,10,10,100
1004314000.0,26363,26363,Laguindingan,10,10,10,100
1004315000.0,12948,12948,Libertad,10,10,10,100
1004316000.0,20559,20559,Lugait,10,10,10,100
1004317000.0,36803,36803,Magsaysay,10,10,10,100
1004318000.0,29469,29469,Manticao,10,10,10,100
1004319000.0,35612,35612,Medina,10,10,10,100
1004320000.0,22444,22444,Naawan,10,10,10,100
1004321000.0,66327,66327,Opol,10,10,10,100
1004322000.0,29998,29998,Salay,10,10,10,100
1004323000.0,9764,9764,Sugbongcogon,10,10,10,100
1004324000.0,80319,80319,Tagoloan,10,10,10,100
1004325000.0,25761,25761,Talisayan,10,10,10,100
1004326000.0,40419,40419,Villanueva,10,10,10,100
1102301000.0,61893,61893,Asuncion,11,11,11,110
1102303000.0,82018,82018,Carmen,11,11,11,110
1102305000.0,81068,81068,Kapalong,11,11,11,110
1102314000.0,57913,57913,New Corella,11,11,11,110
1102318000.0,128667,128667,Santo Tomas,11,11,11,110
1102322000.0,28333,28333,Talaingod,11,11,11,110
1102323000.0,35729,35729,Braulio E. Dujali,11,11,11,110
1102324000.0,27233,27233,San Isidro,11,11,11,110
1102401000.0,62737,62737,Bansalan,11,11,11,110
1102404000.0,56919,56919,Hagonoy,11,11,11,110
1102406000.0,49381,49381,Kiblawan,11,11,11,110
1102407000.0,56263,56263,Magsaysay,11,11,11,110
1102408000.0,40158,40158,Malalag,11,11,11,110
1102410000.0,60493,60493,Matanao,11,11,11,110
1102411000.0,29878,29878,Padada,11,11,11,110
1102412000.0,101125,101125,Santa Cruz,11,11,11,110
1102414000.0,35151,35151,Sulop,11,11,11,110
1102501000.0,58714,58714,Baganga,11,11,11,110
1102502000.0,44451,44451,Banaybanay,11,11,11,110
1102503000.0,14618,14618,Boston,11,11,11,110
1102504000.0,39704,39704,Caraga,11,11,11,110
1102505000.0,44207,44207,Cateel,11,11,11,110
1102506000.0,59891,59891,Governor Generoso,11,11,11,110
1102507000.0,66979,66979,Lupon,11,11,11,110
1102508000.0,39572,39572,Manay,11,11,11,110
1102510000.0,33664,33664,San Isidro,11,11,11,110
1102511000.0,26996,26996,Tarragona,11,11,11,110
1108201000.0,89884,89884,Compostela,11,11,11,110
1108202000.0,79744,79744,Laak,11,11,11,110
1108203000.0,43552,43552,Mabini,11,11,11,110
1108204000.0,83237,83237,Maco,11,11,11,110
1108205000.0,64412,64412,Maragusan,11,11,11,110
1108206000.0,39631,39631,Mawab,11,11,11,110
1108207000.0,93937,93937,Monkayo,11,11,11,110
1108208000.0,46558,46558,Montevista,11,11,11,110
1108209000.0,84340,84340,Nabunturan ,11,11,11,110
1108210000.0,51466,51466,New Bataan,11,11,11,110
1108211000.0,90786,90786,Pantukan,11,11,11,110
1108601000.0,45540,45540,Don Marcelino,11,11,11,110
1108602000.0,73381,73381,Jose Abad Santos,11,11,11,110
1108603000.0,118197,118197,Malita ,11,11,11,110
1108604000.0,57526,57526,Santa Maria,11,11,11,110
1108605000.0,22515,22515,Sarangani,11,11,11,110
1204701000.0,68659,68659,Alamada,12,12,12,120
1204702000.0,107603,107603,Carmen,12,12,12,120
1204703000.0,93822,93822,Kabacan,12,12,12,120
1204705000.0,56269,56269,Libungan,12,12,12,120
1204706000.0,53800,53800,Magpet,12,12,12,120
1204707000.0,87927,87927,Makilala,12,12,12,120
1204708000.0,81355,81355,Matalam,12,12,12,120
1204709000.0,165376,165376,Midsayap,12,12,12,120
1204710000.0,98195,98195,M'Lang,12,12,12,120
1204711000.0,72371,72371,Pigkawayan,12,12,12,120
1204712000.0,164646,164646,Pikit,12,12,12,120
1204713000.0,52512,52512,President Roxas,12,12,12,120
1204714000.0,60978,60978,Tulunan,12,12,12,120
1204715000.0,26817,26817,Antipas,12,12,12,120
1204716000.0,46995,46995,Banisilan,12,12,12,120
1204717000.0,41944,41944,Aleosan,12,12,12,120
1204718000.0,50558,50558,Arakan,12,12,12,120
1206302000.0,89164,89164,Banga,12,12,12,120
1206311000.0,46682,46682,Norala,12,12,12,120
1206312000.0,172605,172605,Polomolok,12,12,12,120
1206313000.0,89340,89340,Surallah,12,12,12,120
1206314000.0,41018,41018,Tampakan,12,12,12,120
1206315000.0,45744,45744,Tantangan,12,12,12,120
1206316000.0,101049,101049,T'Boli,12,12,12,120
1206317000.0,73459,73459,Tupi,12,12,12,120
1206318000.0,39796,39796,Santo Niño,12,12,12,120
1206319000.0,81221,81221,Lake Sebu,12,12,12,120
1206501000.0,68947,68947,Bagumbayan,12,12,12,120
1206502000.0,33527,33527,Columbio,12,12,12,120
1206503000.0,74696,74696,Esperanza,12,12,12,120
1206504000.0,97490,97490,Isulan ,12,12,12,120
1206505000.0,50900,50900,Kalamansig,12,12,12,120
1206506000.0,91344,91344,Lebak,12,12,12,120
1206507000.0,65644,65644,Lutayan,12,12,12,120
1206508000.0,79739,79739,Lambayong,12,12,12,120
1206509000.0,92828,92828,Palimbang,12,12,12,120
1206510000.0,42244,42244,President Quirino,12,12,12,120
1206512000.0,47374,47374,Sen. Ninoy Aquino,12,12,12,120
1208001000.0,88294,88294,Alabel ,12,12,12,120
1208002000.0,109547,109547,Glan,12,12,12,120
1208003000.0,65774,65774,Kiamba,12,12,12,120
1208004000.0,64940,64940,Maasim,12,12,12,120
1208005000.0,44185,44185,Maitum,12,12,12,120
1208006000.0,80741,80741,Malapatan,12,12,12,120
1208007000.0,105465,105465,Malungon,12,12,12,120
1381701000.0,65227,65227,Pateros,13,13,13,138
1400101000.0,50382,50382,Bangued ,14,14,14,140
1400102000.0,4551,4551,Boliney,14,14,14,140
1400103000.0,17953,17953,Bucay,14,14,14,140
1400104000.0,2395,2395,Bucloc,14,14,14,140
1400105000.0,2019,2019,Daguioman,14,14,14,140
1400106000.0,4074,4074,Danglas,14,14,14,140
1400107000.0,11512,11512,Dolores,14,14,14,140
1400108000.0,16493,16493,La Paz,14,14,14,140
1400109000.0,3612,3612,Lacub,14,14,14,140
1400110000.0,14914,14914,Lagangilang,14,14,14,140
1400111000.0,4488,4488,Lagayan,14,14,14,140
1400112000.0,3576,3576,Langiden,14,14,14,140
1400113000.0,4566,4566,Licuan-Baay,14,14,14,140
1400114000.0,6518,6518,Luba,14,14,14,140
1400115000.0,4027,4027,Malibcong,14,14,14,140
1400116000.0,11611,11611,Manabo,14,14,14,140
1400117000.0,6951,6951,Peñarrubia,14,14,14,140
1400118000.0,12475,12475,Pidigan,14,14,14,140
1400119000.0,10146,10146,Pilar,14,14,14,140
1400120000.0,6389,6389,Sallapadan,14,14,14,140
1400121000.0,4745,4745,San Isidro,14,14,14,140
1400122000.0,10688,10688,San Juan,14,14,14,140
1400123000.0,5705,5705,San Quintin,14,14,14,140
1400124000.0,14869,14869,Tayum,14,14,14,140
1400125000.0,4977,4977,Tineg,14,14,14,140
1400126000.0,5674,5674,Tubo,14,14,14,140
1400127000.0,5675,5675,Villaviciosa,14,14,14,140
1401101000.0,19218,19218,Atok,14,14,14,140
1401103000.0,14535,14535,Bakun,14,14,14,140
1401104000.0,14435,14435,Bokod,14,14,14,140
1401105000.0,44877,44877,Buguias,14,14,14,140
1401106000.0,61498,61498,Itogon,14,14,14,140
1401107000.0,15806,15806,Kabayan,14,14,14,140
1401108000.0,19297,19297,Kapangan,14,14,14,140
1401109000.0,17051,17051,Kibungan,14,14,14,140
1401110000.0,137404,137404,La Trinidad ,14,14,14,140
1401111000.0,37233,37233,Mankayan,14,14,14,140
1401112000.0,11588,11588,Sablan,14,14,14,140
1401113000.0,48312,48312,Tuba,14,14,14,140
1401114000.0,19429,19429,Tublay,14,14,14,140
1402701000.0,20652,20652,Banaue,14,14,14,140
1402702000.0,8866,8866,Hungduan,14,14,14,140
1402703000.0,17691,17691,Kiangan,14,14,14,140
1402704000.0,18876,18876,Lagawe ,14,14,14,140
1402705000.0,26235,26235,Lamut,14,14,14,140
1402706000.0,15621,15621,Mayoyao,14,14,14,140
1402707000.0,34061,34061,Alfonso Lista,14,14,14,140
1402708000.0,21128,21128,Aguinaldo,14,14,14,140
1402709000.0,9930,9930,Hingyon,14,14,14,140
1402710000.0,18475,18475,Tinoc,14,14,14,140
1402711000.0,15963,15963,Asipulo,14,14,14,140
1403201000.0,12914,12914,Balbalan,14,14,14,140
1403206000.0,9323,9323,Lubuagan,14,14,14,140
1403208000.0,10577,10577,Pasil,14,14,14,140
1403209000.0,34275,34275,Pinukpuk,14,14,14,140
1403211000.0,19554,19554,Rizal,14,14,14,140
1403214000.0,8746,8746,Tanudan,14,14,14,140
1403215000.0,13148,13148,Tinglayan,14,14,14,140
1404401000.0,4796,4796,Barlig,14,14,14,140
1404402000.0,32021,32021,Bauko,14,14,14,140
1404403000.0,6873,6873,Besao,14,14,14,140
1404404000.0,24104,24104,Bontoc ,14,14,14,140
1404405000.0,10339,10339,Natonin,14,14,14,140
1404406000.0,31168,31168,Paracelis,14,14,14,140
1404407000.0,9621,9621,Sabangan,14,14,14,140
1404408000.0,8427,8427,Sadanga,14,14,14,140
1404409000.0,11510,11510,Sagada,14,14,14,140
1404410000.0,19341,19341,Tadian,14,14,14,140
1408101000.0,12550,12550,Calanasan,14,14,14,140
1408102000.0,27552,27552,Conner,14,14,14,140
1408103000.0,17944,17944,Flora,14,14,14,140
1408104000.0,16215,16215,Kabugao ,14,14,14,140
1408105000.0,21297,21297,Luna,14,14,14,140
1408106000.0,15491,15491,Pudtol,14,14,14,140
1408107000.0,13317,13317,Santa Marcela,14,14,14,140
1600201000.0,68892,68892,Buenavista,16,16,16,160
1600204000.0,23172,23172,Carmen,16,16,16,160
1600205000.0,24855,24855,Jabonga,16,16,16,160
1600206000.0,21278,21278,Kitcharao,16,16,16,160
1600207000.0,30240,30240,Las Nieves,16,16,16,160
1600208000.0,22293,22293,Magallanes,16,16,16,160
1600209000.0,44822,44822,Nasipit,16,16,16,160
1600210000.0,28657,28657,Santiago,16,16,16,160
1600211000.0,25785,25785,Tubay,16,16,16,160
1600212000.0,17155,17155,Remedios T. Romualdez,16,16,16,160
1600302000.0,47512,47512,Bunawan,16,16,16,160
1600303000.0,59353,59353,Esperanza,16,16,16,160
1600304000.0,30969,30969,La Paz,16,16,16,160
1600305000.0,43880,43880,Loreto,16,16,16,160
1600306000.0,88321,88321,Prosperidad ,16,16,16,160
1600307000.0,49610,49610,Rosario,16,16,16,160
1600308000.0,80760,80760,San Francisco,16,16,16,160
1600309000.0,35196,35196,San Luis,16,16,16,160
1600310000.0,26432,26432,Santa Josefa,16,16,16,160
1600311000.0,39678,39678,Talacogon,16,16,16,160
1600312000.0,54492,54492,Trento,16,16,16,160
1600313000.0,39708,39708,Veruela,16,16,16,160
1600314000.0,33957,33957,Sibagat,16,16,16,160
1606701000.0,16184,16184,Alegria,16,16,16,160
1606702000.0,14881,14881,Bacuag,16,16,16,160
1606704000.0,4185,4185,Burgos,16,16,16,160
1606706000.0,36033,36033,Claver,16,16,16,160
1606707000.0,29006,29006,Dapa,16,16,16,160
1606708000.0,20127,20127,Del Carmen,16,16,16,160
1606710000.0,22853,22853,General Luna,16,16,16,160
1606711000.0,21849,21849,Gigaquit,16,16,16,160
1606714000.0,28019,28019,Mainit,16,16,16,160
1606715000.0,18852,18852,Malimono,16,16,16,160
1606716000.0,10374,10374,Pilar,16,16,16,160
1606717000.0,29616,29616,Placer,16,16,16,160
1606718000.0,5663,5663,San Benito,16,16,16,160
1606719000.0,15347,15347,San Francisco,16,16,16,160
1606720000.0,8519,8519,San Isidro,16,16,16,160
1606721000.0,9423,9423,Santa Monica,16,16,16,160
1606722000.0,14290,14290,Sison,16,16,16,160
1606723000.0,25942,25942,Socorro,16,16,16,160
1606725000.0,17323,17323,Tagana-An,16,16,16,160
1606727000.0,15043,15043,Tubod,16,16,16,160
1606801000.0,53146,53146,Barobo,16,16,16,160
1606802000.0,8979,8979,Bayabas,16,16,16,160
1606804000.0,21747,21747,Cagwait,16,16,16,160
1606805000.0,34060,34060,Cantilan,16,16,16,160
1606806000.0,11720,11720,Carmen,16,16,16,160
1606807000.0,24586,24586,Carrascal,16,16,16,160
1606808000.0,17924,17924,Cortes,16,16,16,160
1606809000.0,43841,43841,Hinatuan,16,16,16,160
1606810000.0,13642,13642,Lanuza,16,16,16,160
1606811000.0,33869,33869,Lianga,16,16,16,160
1606812000.0,35142,35142,Lingig,16,16,16,160
1606813000.0,16653,16653,Madrid,16,16,16,160
1606814000.0,19441,19441,Marihatag,16,16,16,160
1606815000.0,22855,22855,San Agustin,16,16,16,160
1606816000.0,41809,41809,San Miguel,16,16,16,160
1606817000.0,41051,41051,Tagbina,16,16,16,160
1606818000.0,39831,39831,Tago,16,16,16,160
1608501000.0,36911,36911,Basilisa,16,16,16,160
1608502000.0,18350,18350,Cagdianao,16,16,16,160
1608503000.0,10621,10621,Dinagat,16,16,16,160
1608504000.0,18051,18051,Libjo,16,16,16,160
1608505000.0,9690,9690,Loreto,16,16,16,160
1608506000.0,26375,26375,San Jose ,16,16,16,160
1608507000.0,8119,8119,Tubajon,16,16,16,160
1900703000.0,31040,31040,Lantawan,19,19,19,190
1900704000.0,45730,45730,Maluso,19,19,19,190
1900705000.0,47345,47345,Sumisip,19,19,19,190
1900706000.0,25531,25531,Tipo-Tipo,19,19,19,190
1900707000.0,24742,24742,Tuburan,19,19,19,190
1900708000.0,23098,23098,Akbar,19,19,19,190
1900709000.0,23736,23736,Al-Barka,19,19,19,190
1900710000.0,24625,24625,Hadji Mohammad Ajul,19,19,19,190
1900711000.0,24016,24016,Ungkaya Pukan,19,19,19,190
1900712000.0,26867,26867,Hadji Muhtamad,19,19,19,190
1900713000.0,29327,29327,Tabuan-Lasa,19,19,19,190
1903601000.0,23129,23129,Bacolod-Kalawi,19,19,19,190
1903602000.0,29863,29863,Balabagan,19,19,19,190
1903603000.0,32573,32573,Balindong,19,19,19,190
1903604000.0,28023,28023,Bayang,19,19,19,190
1903605000.0,25965,25965,Binidayan,19,19,19,190
1903606000.0,26514,26514,Bubong,19,19,19,190
1903607000.0,22768,22768,Butig,19,19,19,190
1903609000.0,30802,30802,Ganassi,19,19,19,190
1903610000.0,20581,20581,Kapai,19,19,19,190
1903611000.0,45909,45909,Lumba-Bayabao,19,19,19,190
1903612000.0,22780,22780,Lumbatan,19,19,19,190
1903613000.0,26478,26478,Madalum,19,19,19,190
1903614000.0,22050,22050,Madamba,19,19,19,190
1903615000.0,49088,49088,Malabang,19,19,19,190
1903616000.0,37763,37763,Marantao,19,19,19,190
1903618000.0,33580,33580,Masiu,19,19,19,190
1903619000.0,19932,19932,Mulondo,19,19,19,190
1903620000.0,15057,15057,Pagayawan,19,19,19,190
1903621000.0,30132,30132,Piagapo,19,19,19,190
1903622000.0,31141,31141,Poona Bayabao,19,19,19,190
1903623000.0,14526,14526,Pualas,19,19,19,190
1903624000.0,24406,24406,Ditsaan-Ramain,19,19,19,190
1903625000.0,26712,26712,Saguiaran,19,19,19,190
1903626000.0,32074,32074,Tamparan,19,19,19,190
1903627000.0,27184,27184,Taraka,19,19,19,190
1903628000.0,16896,16896,Tubaran,19,19,19,190
1903629000.0,24778,24778,Tugaya,19,19,19,190
1903630000.0,50366,50366,Wao,19,19,19,190
1903631000.0,30118,30118,Marogong,19,19,19,190
1903632000.0,14985,14985,Calanogas,19,19,19,190
1903633000.0,18046,18046,Buadiposo-Buntong,19,19,19,190
1903634000.0,30436,30436,Maguing,19,19,19,190
1903635000.0,18907,18907,Picong,19,19,19,190
1903636000.0,19091,19091,Lumbayanague,19,19,19,190
1903637000.0,12124,12124,Amai Manabilang,19,19,19,190
1903638000.0,12602,12602,Tagoloan Ii,19,19,19,190
1903639000.0,20498,20498,Kapatagan,19,19,19,190
1903640000.0,12500,12500,Sultan Dumalondong,19,19,19,190
1903641000.0,8131,8131,Lumbaca-Unayan,19,19,19,190
1906601000.0,93168,93168,Indanan,19,19,19,190
1906602000.0,137266,137266,Jolo ,19,19,19,190
1906603000.0,39549,39549,Kalingalan Caluang,19,19,19,190
1906604000.0,37873,37873,Luuk,19,19,19,190
1906605000.0,59597,59597,Maimbung,19,19,19,190
1906606000.0,7906,7906,Hadji Panglima Tahil,19,19,19,190
1906607000.0,49849,49849,Old Panamao,19,19,19,190
1906608000.0,36374,36374,Pangutaran,19,19,19,190
1906609000.0,71495,71495,Parang,19,19,19,190
1906610000.0,24736,24736,Pata,19,19,19,190
1906611000.0,79564,79564,Patikul,19,19,19,190
1906612000.0,81689,81689,Siasi,19,19,19,190
1906613000.0,100088,100088,Talipao,19,19,19,190
1906614000.0,20799,20799,Tapul,19,19,19,190
1906615000.0,35616,35616,Tongkil,19,19,19,190
1906616000.0,34249,34249,Panglima Estino,19,19,19,190
1906617000.0,29043,29043,Lugus,19,19,19,190
1906618000.0,33177,33177,Pandami,19,19,19,190
1906619000.0,28070,28070,Omar,19,19,19,190
1907001000.0,48055,48055,Panglima Sugala,19,19,19,190
1907002000.0,116118,116118,Bongao ,19,19,19,190
1907003000.0,30038,30038,Mapun,19,19,19,190
1907004000.0,34245,34245,Simunul,19,19,19,190
1907005000.0,37319,37319,Sitangkai,19,19,19,190
1907006000.0,29583,29583,South Ubian,19,19,19,190
1907007000.0,34316,34316,Tandubas,19,19,19,190
1907008000.0,5683,5683,Turtle Islands,19,19,19,190
1907009000.0,37096,37096,Languyan,19,19,19,190
1907010000.0,33580,33580,Sapa-Sapa,19,19,19,190
1907011000.0,34243,34243,Sibutu,19,19,19,190
1908701000.0,36143,36143,Barira,19,19,19,190
1908702000.0,39684,39684,Buldon,19,19,19,190
1908704000.0,28243,28243,Datu Blah T. Sinsuat,19,19,19,190
1908705000.0,116768,116768,Datu Odin Sinsuat,19,19,19,190
1908706000.0,25439,25439,Kabuntalan,19,19,19,190
1908707000.0,36034,36034,Matanog,19,19,19,190
1908708000.0,26277,26277,Northern Kabuntalan,19,19,19,190
1908709000.0,102914,102914,Parang,19,19,19,190
1908710000.0,105121,105121,Sultan Kudarat,19,19,19,190
1908711000.0,25331,25331,Sultan Mastura,19,19,19,190
1908712000.0,17463,17463,Talitay,19,19,19,190
1908713000.0,59004,59004,Upi,19,19,19,190
1908801000.0,28941,28941,Ampatuan,19,19,19,190
1908802000.0,57406,57406,Buluan,19,19,19,190
1908803000.0,30117,30117,Datu Abdullah Sangki,19,19,19,190
1908804000.0,28224,28224,Datu Anggal Midtimbang,19,19,19,190
1908805000.0,26660,26660,Datu Hoffer Ampatuan,19,19,19,190
1908806000.0,33682,33682,Datu Paglas,19,19,19,190
1908807000.0,28380,28380,Datu Piang,19,19,19,190
1908808000.0,18795,18795,Datu Salibo,19,19,19,190
1908809000.0,31060,31060,Datu Saudi Ampatuan,19,19,19,190
1908810000.0,12890,12890,Datu Unsay,19,19,19,190
1908811000.0,31263,31263,Gen. S.K. Pendatun,19,19,19,190
1908812000.0,24933,24933,Guindulungan,19,19,19,190
1908813000.0,27807,27807,Mamasapano,19,19,19,190
1908814000.0,26203,26203,Mangudadatu,19,19,19,190
1908815000.0,37314,37314,Pagagawan,19,19,19,190
1908816000.0,46277,46277,Pagalungan,19,19,19,190
1908817000.0,18727,18727,Paglat,19,19,19,190
1908818000.0,26356,26356,Pandag,19,19,19,190
1908819000.0,27832,27832,Rajah Buayan,19,19,19,190
1908820000.0,33982,33982,Shariff Aguak,19,19,19,190
1908821000.0,25080,25080,Shariff Saydona Mustapha,19,19,19,190
1908822000.0,43197,43197,South Upi,19,19,19,190
1908823000.0,24476,24476,Sultan Sa Barongis,19,19,19,190
1908824000.0,34156,34156,Talayan,19,19,19,190
